batch_size,logdir,training_time,val_factorized_top_k/top_1_categorical_accuracy,val_factorized_top_k/top_5_categorical_accuracy,val_factorized_top_k/top_10_categorical_accuracy,val_factorized_top_k/top_50_categorical_accuracy,val_factorized_top_k/top_100_categorical_accuracy,val_root_mean_squared_error,val_loss,val_regularization_loss,val_total_loss
32,logs2/batch_size_exp/bs_32,226.23973083496094,0.0284288190305233,0.1417100727558136,0.2072482705116272,0.3854166567325592,0.4713541567325592,0.3172076344490051,2305.29052734375,0,2305.29052734375
64,logs2/batch_size_exp/bs_64,134.71024870872498,0.0290798619389534,0.115234375,0.1714409738779068,0.330078125,0.4123263955116272,0.31722891330718994,2442.95849609375,0,2442.95849609375
128,logs2/batch_size_exp/bs_128,127.82744073867798,0.0049913194961845875,0.0342881940305233,0.056640625,0.1369357705116272,0.1901041716337204,0.3166384994983673,3001.178955078125,0,3001.178955078125
256,logs2/batch_size_exp/bs_256,115.52040958404541,0.014322916977107525,0.0594618059694767,0.0811631977558136,0.1508246511220932,0.1976996511220932,0.31898245215415955,3044.5283203125,0,3044.5283203125
512,logs2/batch_size_exp/bs_512,71.72335577011108,0.0065104165114462376,0.01822916604578495,0.03059895895421505,0.0735677108168602,0.1089409738779068,0.3187241852283478,3408.6865234375,0,3408.6865234375
1024,logs2/batch_size_exp/bs_1024,73.95011973381042,0.0006510416860692203,0.003689236007630825,0.009548611007630825,0.0416666679084301,0.0679253488779068,0.31992921233177185,4523.765625,0,4523.765625
